scope,check,violations
daily_full,ohlc_order,0
daily_full,volume_nonnegative,0
daily_full,trade_count_nonnegative,0
daily_full,amount_nonnegative,0
daily_full,buy_volume_nonnegative,0
daily_full,sell_volume_nonnegative,0
daily_full,buy_amount_nonnegative,0
daily_full,sell_amount_nonnegative,0
daily_full,buy_sell_volume_not_above_total,0
daily_full,buy_sell_amount_not_above_total,0
minute_sample:20250401,ohlc_order,0
minute_sample:20250401,volume_nonnegative,0
minute_sample:20250401,trade_count_nonnegative,0
minute_sample:20250401,amount_nonnegative,0
minute_sample:20250401,buy_volume_nonnegative,0
minute_sample:20250401,sell_volume_nonnegative,0
minute_sample:20250401,buy_amount_nonnegative,0
minute_sample:20250401,sell_amount_nonnegative,0
minute_sample:20250401,buy_sell_volume_not_above_total,0
minute_sample:20250401,buy_sell_amount_not_above_total,0
minute_sample:20250421,ohlc_order,0
minute_sample:20250421,volume_nonnegative,0
minute_sample:20250421,trade_count_nonnegative,0
minute_sample:20250421,amount_nonnegative,0
minute_sample:20250421,buy_volume_nonnegative,0
minute_sample:20250421,sell_volume_nonnegative,0
minute_sample:20250421,buy_amount_nonnegative,0
minute_sample:20250421,sell_amount_nonnegative,0
minute_sample:20250421,buy_sell_volume_not_above_total,0
minute_sample:20250421,buy_sell_amount_not_above_total,0
minute_sample:20250513,ohlc_order,0
minute_sample:20250513,volume_nonnegative,0
minute_sample:20250513,trade_count_nonnegative,0
minute_sample:20250513,amount_nonnegative,0
minute_sample:20250513,buy_volume_nonnegative,0
minute_sample:20250513,sell_volume_nonnegative,0
minute_sample:20250513,buy_amount_nonnegative,0
minute_sample:20250513,sell_amount_nonnegative,0
minute_sample:20250513,buy_sell_volume_not_above_total,0
minute_sample:20250513,buy_sell_amount_not_above_total,0
minute_sample:20250530,ohlc_order,0
minute_sample:20250530,volume_nonnegative,0
minute_sample:20250530,trade_count_nonnegative,0
minute_sample:20250530,amount_nonnegative,0
minute_sample:20250530,buy_volume_nonnegative,0
minute_sample:20250530,sell_volume_nonnegative,0
minute_sample:20250530,buy_amount_nonnegative,0
minute_sample:20250530,sell_amount_nonnegative,0
minute_sample:20250530,buy_sell_volume_not_above_total,0
minute_sample:20250530,buy_sell_amount_not_above_total,0
minute_sample:20250619,ohlc_order,0
minute_sample:20250619,volume_nonnegative,0
minute_sample:20250619,trade_count_nonnegative,0
minute_sample:20250619,amount_nonnegative,0
minute_sample:20250619,buy_volume_nonnegative,0
minute_sample:20250619,sell_volume_nonnegative,0
minute_sample:20250619,buy_amount_nonnegative,0
minute_sample:20250619,sell_amount_nonnegative,0
minute_sample:20250619,buy_sell_volume_not_above_total,0
minute_sample:20250619,buy_sell_amount_not_above_total,0
minute_sample:20250708,ohlc_order,0
minute_sample:20250708,volume_nonnegative,0
minute_sample:20250708,trade_count_nonnegative,0
minute_sample:20250708,amount_nonnegative,0
minute_sample:20250708,buy_volume_nonnegative,0
minute_sample:20250708,sell_volume_nonnegative,0
minute_sample:20250708,buy_amount_nonnegative,0
minute_sample:20250708,sell_amount_nonnegative,0
minute_sample:20250708,buy_sell_volume_not_above_total,0
minute_sample:20250708,buy_sell_amount_not_above_total,0
minute_sample:20250725,ohlc_order,0
minute_sample:20250725,volume_nonnegative,0
minute_sample:20250725,trade_count_nonnegative,0
minute_sample:20250725,amount_nonnegative,0
minute_sample:20250725,buy_volume_nonnegative,0
minute_sample:20250725,sell_volume_nonnegative,0
minute_sample:20250725,buy_amount_nonnegative,0
minute_sample:20250725,sell_amount_nonnegative,0
minute_sample:20250725,buy_sell_volume_not_above_total,0
minute_sample:20250725,buy_sell_amount_not_above_total,0
minute_sample:20250813,ohlc_order,0
minute_sample:20250813,volume_nonnegative,0
minute_sample:20250813,trade_count_nonnegative,0
minute_sample:20250813,amount_nonnegative,0
minute_sample:20250813,buy_volume_nonnegative,0
minute_sample:20250813,sell_volume_nonnegative,0
minute_sample:20250813,buy_amount_nonnegative,0
minute_sample:20250813,sell_amount_nonnegative,0
minute_sample:20250813,buy_sell_volume_not_above_total,0
minute_sample:20250813,buy_sell_amount_not_above_total,0
minute_sample:20250901,ohlc_order,0
minute_sample:20250901,volume_nonnegative,0
minute_sample:20250901,trade_count_nonnegative,0
minute_sample:20250901,amount_nonnegative,0
minute_sample:20250901,buy_volume_nonnegative,0
minute_sample:20250901,sell_volume_nonnegative,0
minute_sample:20250901,buy_amount_nonnegative,0
minute_sample:20250901,sell_amount_nonnegative,0
minute_sample:20250901,buy_sell_volume_not_above_total,0
minute_sample:20250901,buy_sell_amount_not_above_total,0
minute_sample:20250918,ohlc_order,0
minute_sample:20250918,volume_nonnegative,0
minute_sample:20250918,trade_count_nonnegative,0
minute_sample:20250918,amount_nonnegative,0
minute_sample:20250918,buy_volume_nonnegative,0
minute_sample:20250918,sell_volume_nonnegative,0
minute_sample:20250918,buy_amount_nonnegative,0
minute_sample:20250918,sell_amount_nonnegative,0
minute_sample:20250918,buy_sell_volume_not_above_total,0
minute_sample:20250918,buy_sell_amount_not_above_total,0
minute_sample:20251015,ohlc_order,0
minute_sample:20251015,volume_nonnegative,0
minute_sample:20251015,trade_count_nonnegative,0
minute_sample:20251015,amount_nonnegative,0
minute_sample:20251015,buy_volume_nonnegative,0
minute_sample:20251015,sell_volume_nonnegative,0
minute_sample:20251015,buy_amount_nonnegative,0
minute_sample:20251015,sell_amount_nonnegative,0
minute_sample:20251015,buy_sell_volume_not_above_total,0
minute_sample:20251015,buy_sell_amount_not_above_total,0
minute_sample:20251103,ohlc_order,0
minute_sample:20251103,volume_nonnegative,0
minute_sample:20251103,trade_count_nonnegative,0
minute_sample:20251103,amount_nonnegative,0
minute_sample:20251103,buy_volume_nonnegative,0
minute_sample:20251103,sell_volume_nonnegative,0
minute_sample:20251103,buy_amount_nonnegative,0
minute_sample:20251103,sell_amount_nonnegative,0
minute_sample:20251103,buy_sell_volume_not_above_total,0
minute_sample:20251103,buy_sell_amount_not_above_total,0
minute_sample:20251121,ohlc_order,0
minute_sample:20251121,volume_nonnegative,0
minute_sample:20251121,trade_count_nonnegative,0
minute_sample:20251121,amount_nonnegative,0
minute_sample:20251121,buy_volume_nonnegative,0
minute_sample:20251121,sell_volume_nonnegative,0
minute_sample:20251121,buy_amount_nonnegative,0
minute_sample:20251121,sell_amount_nonnegative,0
minute_sample:20251121,buy_sell_volume_not_above_total,0
minute_sample:20251121,buy_sell_amount_not_above_total,0
minute_sample:20251210,ohlc_order,0
minute_sample:20251210,volume_nonnegative,0
minute_sample:20251210,trade_count_nonnegative,0
minute_sample:20251210,amount_nonnegative,0
minute_sample:20251210,buy_volume_nonnegative,0
minute_sample:20251210,sell_volume_nonnegative,0
minute_sample:20251210,buy_amount_nonnegative,0
minute_sample:20251210,sell_amount_nonnegative,0
minute_sample:20251210,buy_sell_volume_not_above_total,0
minute_sample:20251210,buy_sell_amount_not_above_total,0
minute_sample:20251229,ohlc_order,0
minute_sample:20251229,volume_nonnegative,0
minute_sample:20251229,trade_count_nonnegative,0
minute_sample:20251229,amount_nonnegative,0
minute_sample:20251229,buy_volume_nonnegative,0
minute_sample:20251229,sell_volume_nonnegative,0
minute_sample:20251229,buy_amount_nonnegative,0
minute_sample:20251229,sell_amount_nonnegative,0
minute_sample:20251229,buy_sell_volume_not_above_total,0
minute_sample:20251229,buy_sell_amount_not_above_total,0
minute_sample:20260119,ohlc_order,0
minute_sample:20260119,volume_nonnegative,0
minute_sample:20260119,trade_count_nonnegative,0
minute_sample:20260119,amount_nonnegative,0
minute_sample:20260119,buy_volume_nonnegative,0
minute_sample:20260119,sell_volume_nonnegative,0
minute_sample:20260119,buy_amount_nonnegative,0
minute_sample:20260119,sell_amount_nonnegative,0
minute_sample:20260119,buy_sell_volume_not_above_total,0
minute_sample:20260119,buy_sell_amount_not_above_total,0
minute_sample:20260205,ohlc_order,0
minute_sample:20260205,volume_nonnegative,0
minute_sample:20260205,trade_count_nonnegative,0
minute_sample:20260205,amount_nonnegative,0
minute_sample:20260205,buy_volume_nonnegative,0
minute_sample:20260205,sell_volume_nonnegative,0
minute_sample:20260205,buy_amount_nonnegative,0
minute_sample:20260205,sell_amount_nonnegative,0
minute_sample:20260205,buy_sell_volume_not_above_total,0
minute_sample:20260205,buy_sell_amount_not_above_total,0
minute_sample:20260304,ohlc_order,0
minute_sample:20260304,volume_nonnegative,0
minute_sample:20260304,trade_count_nonnegative,0
minute_sample:20260304,amount_nonnegative,0
minute_sample:20260304,buy_volume_nonnegative,0
minute_sample:20260304,sell_volume_nonnegative,0
minute_sample:20260304,buy_amount_nonnegative,0
minute_sample:20260304,sell_amount_nonnegative,0
minute_sample:20260304,buy_sell_volume_not_above_total,0
minute_sample:20260304,buy_sell_amount_not_above_total,0
minute_sample:20260323,ohlc_order,0
minute_sample:20260323,volume_nonnegative,0
minute_sample:20260323,trade_count_nonnegative,0
minute_sample:20260323,amount_nonnegative,0
minute_sample:20260323,buy_volume_nonnegative,0
minute_sample:20260323,sell_volume_nonnegative,0
minute_sample:20260323,buy_amount_nonnegative,0
minute_sample:20260323,sell_amount_nonnegative,0
minute_sample:20260323,buy_sell_volume_not_above_total,0
minute_sample:20260323,buy_sell_amount_not_above_total,0
minute_sample:20260410,ohlc_order,0
minute_sample:20260410,volume_nonnegative,0
minute_sample:20260410,trade_count_nonnegative,0
minute_sample:20260410,amount_nonnegative,0
minute_sample:20260410,buy_volume_nonnegative,0
minute_sample:20260410,sell_volume_nonnegative,0
minute_sample:20260410,buy_amount_nonnegative,0
minute_sample:20260410,sell_amount_nonnegative,0
minute_sample:20260410,buy_sell_volume_not_above_total,0
minute_sample:20260410,buy_sell_amount_not_above_total,0
minute_sample:20260429,ohlc_order,0
minute_sample:20260429,volume_nonnegative,0
minute_sample:20260429,trade_count_nonnegative,0
minute_sample:20260429,amount_nonnegative,0
minute_sample:20260429,buy_volume_nonnegative,0
minute_sample:20260429,sell_volume_nonnegative,0
minute_sample:20260429,buy_amount_nonnegative,0
minute_sample:20260429,sell_amount_nonnegative,0
minute_sample:20260429,buy_sell_volume_not_above_total,0
minute_sample:20260429,buy_sell_amount_not_above_total,0
minute_sample:20260521,ohlc_order,0
minute_sample:20260521,volume_nonnegative,0
minute_sample:20260521,trade_count_nonnegative,0
minute_sample:20260521,amount_nonnegative,0
minute_sample:20260521,buy_volume_nonnegative,0
minute_sample:20260521,sell_volume_nonnegative,0
minute_sample:20260521,buy_amount_nonnegative,0
minute_sample:20260521,sell_amount_nonnegative,0
minute_sample:20260521,buy_sell_volume_not_above_total,0
minute_sample:20260521,buy_sell_amount_not_above_total,0
minute_sample:20260609,ohlc_order,0
minute_sample:20260609,volume_nonnegative,0
minute_sample:20260609,trade_count_nonnegative,0
minute_sample:20260609,amount_nonnegative,0
minute_sample:20260609,buy_volume_nonnegative,0
minute_sample:20260609,sell_volume_nonnegative,0
minute_sample:20260609,buy_amount_nonnegative,0
minute_sample:20260609,sell_amount_nonnegative,0
minute_sample:20260609,buy_sell_volume_not_above_total,0
minute_sample:20260609,buy_sell_amount_not_above_total,0
minute_sample:20260630,ohlc_order,0
minute_sample:20260630,volume_nonnegative,0
minute_sample:20260630,trade_count_nonnegative,0
minute_sample:20260630,amount_nonnegative,0
minute_sample:20260630,buy_volume_nonnegative,0
minute_sample:20260630,sell_volume_nonnegative,0
minute_sample:20260630,buy_amount_nonnegative,0
minute_sample:20260630,sell_amount_nonnegative,0
minute_sample:20260630,buy_sell_volume_not_above_total,0
minute_sample:20260630,buy_sell_amount_not_above_total,0
